v_id,vignette_text,other_names,title,description,origin,taken_from,equivalent_to,similar,notes
ff_disj,The forest burns down if either a match is dropped or lightning strikes. A match is dropped and lightning strikes.,,Forest Fire disjunctive,,,"Halpern 2015, Ex. 3.1",assassin_badgirl,Bullseye (Glymour 1),
ff_conj,The forest burns down if a match is dropped and lightning strikes. A match is dropped and lightning strikes.,,Forest Fire conjunctive,,,"Halpern 2015, Ex. 3.1",,Bullets collide (Glymour 3),
rock_bottle,"Suzy throws a rock at a bottle. Billy throws slightly after, but before Suzy's rock hits. Suzy's rock hits the bottle and shatters it. Billy's rock would have hit if Suzy's had not.",,Rock throwing,,,"Halpern 2015, Ex. 3.2",,Fast bullet (Glymour 2),
one_rock,"Suzy throws a rock at a bottle, while Billy idly stands by with a rock in his hand, having no intention to throw it. Suzy’s rock hits the bottle, at which point it shatters.",,Only Suzy throws,,,"Beckers 2018, Ex. 1",,,
omission,"Assassin poisons Victim’s coffee. Bodyguard is in possession of an antidote that is capable of neutralizing the poison, but she refrains from administering it to Victim. Victim dies from the poison. Victim would not have died if the antidote had been administered or if the coffee had not been poisoned.",conj_iso,Ommitted prevention,,,"Hitchcock 2007, p. 504",,,
bogus_prevention,"Assassin is in possession of a lethal poison, but has a last-minute change of heart and refrains from putting it in Victim’s coffee. Bodyguard puts antidote in the coffee, which would have neutralized the poison. Victim drinks the coffee and survives.",careful_antidote,Bogus prevention,,,"Weslake, §10",,,
prevention,Assassin poisons Victim’s coffee. Bodyguard administers an antidote that neutralizes the poison. Victim survives.,,Prevention,,,"Hitchcock 2007, p. 513",,,
loader,"A prisoner dies either if Alice loads Bob’s gun and Bob shoots, or if Carlos loads and shoots his gun. In the actual context, Alice loads Bob’s gun, Bob does not shoot, but Carlos does load and shoot his gun, so that the prisoner dies.",,Loader,,Hopkins and Pearl [2003],"Halpern 2015, Ex. 3.3",,,
combination_lamp,"A lamp is controlled by three switches, each of which has three possible positions: right, middle, left. The lamp switches on iff two or more switches are in the same position. In fact, the first switch is in the right position, the second in the left, and the third in the left.",,Combination Lamp,,,Weslake §9,,fancy_lamp,
ff_mechanisms,"The forest burns down if either a match is dropped or lightning strikes. There are three possible mechanisms for the forest to catch on fire: either lightning strikes and the match isn't dropped, or lightning doesn't strike and the match is dropped, or both the lightning strikes and the match is dropped. The forest fire happens if either of these three scenarios happens. In the actual context, lightning strikes and the match is dropped.",,Firest Fire mechanisms,,,"Halpern 2015, Ex. 3.6",,,
campfire_vote,"A ranch has five individuals: Cowboy, Ranger, Wrangler, and two Hands. Everyone votes either for staying around the campfire, or for going on a round-up. A complicated rule is used to decide the outcome: (a) if Cowboy and Ranger agree, then the outcome is whatever the Ranger voted for; (b) if Ranger differs from the other four, then the outcome is what the Ranger voted for; and (c) otherwise, majority rules. Suppose Cowboy and Ranger vote to go on a round-up, and Wrangler and the two Hands vote to stay at the campfire (and so the outcome is to go on a round-up).",,Campfire vote,,Glymour 2010,"Glymour 2010, Ex. 15",,,
simple_voting,"Alice, Bob, Carlos, Dirk and Eric fire at and simultaneously hit a target that will fall over if at least 3 bullets hit it. The target falls over.",,Voting,,,"Glymour 2010, Ex. 12",,,
engineer1,"The engineer is standing by a switch in the railroad tracks. A train approaches in the distance. She flips the switch, so that the train travels down the right-hand track instead of the left. Since the tracks reconverge up ahead, the train arrives at its destination all the same.",,The Engineer,,"Hall 2000, p.205 (according to AG24, p.24)","HP 2005, Ex. 5.4","dog_bite, the kiss, the push",,
dog_bite,"Suppose that a dog bites Jim’s right hand. Jim was planning to detonate a bomb, which he normally would do by pressing the button with his right forefinger. Because of the dog bite, he presses the button with his left forefinger. The bomb still goes off.",,Dog Bite,,,"Halpern 2016, Ex. 2.4.2",,,
careful_poisoning,"Assistant Bodyguard puts a harmless antidote in Victim’s coffee. Buddy then poisons the coffee, using a poison that is normally lethal, but which is countered by the antidote. Buddy would not have poisoned the coffee if Assistant had not administered the antidote first. Victim drinks the coffee and survives.",counterexample_hitchcock,Careful Poisoning,,,Weslake §11,,short circuit,
voting_machine,Two votes are cast for a measure. The votes are summed by a machine and the measure passes iff it receives at least one vote.,,Voting machine,,,"Weslake, §4",,,
two_paths,,,Two paths,"The value of A is set by the context; we have the equations B = A, C = A, and D = B ∨ C. In the actual context A = 1, so B = C = D = 1.",,"Halpern 2015, Ex. 4.2",,,
putin_watering,"Carlos, who lives far away in Australia, doesn't water Alice's plant while she's on holiday, and the plant then dries up and dies.",,Default Omission,,McGrath 2005,"AG24, Fig. 4/McGrath 2005",,,this model is confusing because it also includes individualism vs. Collectivism
neighbor_watering,"Barry promises to water Alice's plant while she's on holiday, doesn't water it, and the plant then dries up in and dies.",,Deviant Omission,,McGrath 2005,"AG24, Fig. 4/McGrath 2005",omission,,
plant_watering,"Suppose Suzy goes away on vacation, leaving her favorite plant in the hands of Billy, who has promised to water it. Billy fails to do so. The plant dies—but would not have, had Billy watered it. But Carlos, who lives far away in Australia, also failed to water Suzy’s plant. And, had he done so, it would not have died.",,Double Omission,,McGrath 2005,"HP 2005, Ex. 5.3",,,
boulder,"A boulder is dislodged, and begins rolling ominously toward Hiker. Before it reaches him, Hiker sees the boulder and ducks. The boulder sails harmlessly over his head with nary a centimeter to spare. Hiker survives his ordeal.",,Boulder,,early draft of Hall - Two Concepts,"AG24, Fig. 6; Hitchcock 2001, Fig. 8",,,
ext_dp,,,Extended double prevention,"F initiates a threat to E: for if nothing stops B from stimulating D, then E won’t fire. F also cancels this threat, by way of C. So the little four-neuron network F–B–C–D might aptly be called a ‘‘short-circuit’’, with respect to E.","Hall 2004 Two concepts, p.247","AG24, Fig. 7",,,
mod_ext_dp,,,Modified extended double prevention,,"Hall 2007, Fig 9","AG24, Fig. 8",,,
iso_mod_ext_dp,,,Isomorphic modified extended double prevention,,Hall,"AG24, Fig. 9",,,
backup_assassin,"Assassin poisons Victim’s coffee. Victim drinks it and dies. If Assassin hadn’t poisoned the coffee, Backup would have, and Victim would have died anyway. Victim would not have died if there had been no poison in the coffee.",trainee,Backup Assassin,,,"Weslake, §1",,,
double_prevention,,,Double prevention,,,"Beckers 2018, Ex 4",,double_prevention_hall,
double_prevention_pearl,"Suzy is piloting a bomber on a mission to blow up an enemy target, and Billy is piloting a fighter as her lone escort. Along comes an enemy fighter plane, piloted by Enemy. Sharp-eyed Billy spots Enemy, zooms in, pulls the trigger, and Enemy’s plane goes down in flames. Suzy’s mission is undisturbed, and the bombing takes place as planned.",,Double prevention,,,"HP 2005, Ex. 4.4",,,
double_prevention_pearl_backup,"Suzy is piloting a bomber on a mission to blow up an enemy target, and Billy and Hillary both pilot a fighter as escort each. Along comes an enemy fighter plane, piloted by Enemy. Sharp-eyed Billy spots Enemy, zooms in, pulls the trigger, and Enemy’s plane goes down in flames. If Billy hadn't shot, Hillary would've. Suzy’s mission is undisturbed, and the bombing takes place as planned.",,Double prevention,,,"HP 2005, Ex. 4.4",,,
double_prevention_hall,"The family goes to bed while a thief plans to enter their house, and police patrols the surrounding area. Police catches the thief, preventing him from entering the house. The family sleeps peacefully through the night.",,Double prevention,,"Hall 2004, p. 242","Hall 2007, Fig. 6",,,
non_existent_threat,"The family goes to bed while no thief plans to enter their house, and police patrols the surrounding area. Police would've caught any thief in the vicinity. The family sleeps peacefully through the night.",,Non-existent threat,,,"Hall 2007, Fig. 7",,,
backup_threat_canceling,,,Backup threat-canceling,,,"Hall 2007, Fig. 12",,,
affecting,"Assassin puts poison in Victim’s coffee. The poison, if not counteracted, causes a painful death. Bodyguard puts a weak antidote in Victim’s coffee. The antidote is not strong enough to neutralize the poison and hence save Victim’s life, but at least it is strong enough to render Victim’s death painless.",,Affecting,,,"Hitchcock 2007, p. 516",,,
counterexample_transitivity,"Assassin puts poison in the coffee. Bodyguard responds by putting antidote in the coffee, which neutralizes the poison. (The antidote is harmless when taken alone.) Victim drinks the coffee and survives. If Assassin hadn’t poisoned the coffee, Bodyguard would not have administered the antidote. If Bodyguard hadn’t administered the antidote, Victim would have died from the poison.",,Counterexample to Transitivity,,,"Hitchcock 2007, p. 517",,short circuit,
april_rains,"Suppose that there was a heavy rain in April and electrical storms in the following two months, and in June the lightning took hold. If it had not been for the heavy rain in April, the forest would have caught fire in May.",,April rains,,Bennett 1987,"HP 2005, Ex. 4.1",,,
rock_bottle_time,"Suzy and Billy both pick up rocks and throw them at a bottle. Suzy’s rock gets there first, shattering the bottle. Since both throws are perfectly accurate, Billy’s would have shattered the bottle had it not been preempted by Suzy’s throw.",,Rock bottle with time,,,"HP 2005, Ex. 4.2",,,
monday_treatment,"Billy, having stayed out in the cold too long throwing rocks, contracts a serious but nonfatal disease. He is hospitalized and treated on Monday, so is fine Tuesday morning.",,Monday treatment,,,"HP 2005, Ex. 4.3",,,
monday_treatment_omission,"Billy, having stayed out in the cold too long throwing rocks, contracts a serious but nonfatal disease. Doctor forgets to treat him and Billy is sick on Tuesday.",,Monday treatment omission,,,"HP 2005, Ex. 4.3",,,
monday_treatment_deadly,"Suppose that Monday’s doctor is reliable, and administers the medicine first thing in the morning, so that Billy is fully recovered by Tuesday afternoon. Tuesday’s doctor is also reliable and would have treated Billy if Monday’s doctor had failed to . . . And let us add a twist: one dose of medication is harmless, but two doses are lethal.",,Deadly Monday treatment,,,"HP 2005, Ex. 4.3",,,
rock_bottle_noisy,"Suzy and Billy throw a rock at a bottle, but Suzy’s hits first. Now suppose that there is a noise which causes Suzy to delay her throw slightly, but that she still throws before Billy.",,Noisy rock bottle,,,"HP 2005, Ex. 5.1",,,
fred_finger,"Fred has his finger severed by a machine at the factory. Fortunately, Fred is covered by a health plan. He is rushed to the hospital, where his finger is sewn back on. A month later, the finger is fully functional.",,Finger severed,,,"HP 2005, Ex. 5.2",,,
larry_loanshark,"Fred has his finger severed by a machine at the factory. Fortunately, Fred is covered by a health plan. He is rushed to the hospital, where his finger is sewn back on. A month later, the finger is fully functional. Larry the Loanshark may be waiting outside the factory with the intention of cutting off Fred’s finger as a warning to him to repay his loan quickly. In the actual situation, Larry is not waiting and Larry does not cut off Fred’s finger.",,Larry the Loanshark,"Let LL represent whether or not Larry is waiting and let LC represent whether Larry cuts off Fred’s finger. If Larry cuts off Fred’s finger, he will throw it away, so Fred will not be able to get it sewn back on.",Kvart 1991,"HP 2005, Ex. 5.2",,,
command_trumping,"Major and sergeant stand before corporal, and both shout ‘Charge!’. The corporal charges. Orders from higher ranking soldiers trump those of lower rank, so if the major had shouted ‘Halt’ the corporal would not have charged.",,Command,,"Schaffer 2000, p. 175",Weslake §8,spell casting,"in HP 2005, Ex. 5.5",
window_wall,"A ball is caught by a fielder. A little further along its path there is a solid wall and, beyond that, a window.",,Window wall,,McDermott 1995,"HP 2005, Ex. 5.6",,,
shock,"Two two-state switches are wired to an electrode. The switches are controlled by Alice and Beth respectively, and the electrode is attached to Carlos. Alice has the first option to flip her switch. Beth has the second option to flip her switch. The electrode is activated and shocks Carlos iff both switches are in the same position. Beth wants to shock Carlos, and so flips her switch iff Alice does. In the actual context, Alice flips her switch.",,Shock,,,Weslake §7,,switch,
fancy_lamp,"A lamp is controlled by three switches, each of which has three possible positions: left, middle, right. The switches are connected to three detectors, each of which is activated iff no switch is in position (left, middle, right) respectively. The lamp switches on iff some detector is activated. In fact, the switches are in the following positions: the first right, the second left, and the third left. The middle-detector is activated, and the lamp turns on.",,Fancy lamp,,,Weslake §13,,combination_lamp,
marksman_omission,"Alex, an imperfect marksman, is about to fire at the target, but his aim is too low. Bob standing at the back of the crowd, could push his way through to Alex and lift the rifle barrel just the right amount, but Bob does no such thing. Alex’s bullet misses the bullseye.",,Marksman omission,,,Glymour 5,,should be same as ff_conj,questionable model
unloaded_gun,"Alex, the perfect marksman, aims at the target, but fails to cock his gun, and pulls the trigger. The gun does not fire and the target is untouched.",,Unloaded gun,,,Glymour 6,,,
safe_gun,A gun has a safety mechanism: the gun will not fire unless the hammer is cocked and the round is chambered and the trigger is pulled. Pulling the trigger causes a round to be chambered but prevents the hammer from being cocked. The trigger is pulled. The gun does not fire.,,Safe gun,,,Glymour 7,,short circuit,
deflected_bullet,"Alex and Bob, both perfect marksmen, shoot at the target at almost the same time. The ejected shell from Alex’s pistol deflects Bob’s bullet, which would otherwise have hit the target bullseye. Alex’s bullet hits the bullseye.",,Deflected Bullet,,,Glymour 10,,,
two_loaders,"Alex and Beth, both perfect marksmen, pull their triggers on similar guns at the same time. Beth loaded her rifle and hits the bullseye. Alex has forgotten to load his rifle.",,Two loaders,,,Glymour 11,,,
thrombosis,"A woman takes birth control pills which prevent a pregnancy that, had it occurred, would have caused the actual thrombosis caused by taking the birth control pills.",,Thrombosis,,,Glymour 13,,,
pollutant50,Suppose that two companies both dump pollutant into the river. Company A dumps 100 kilograms of pollutant; company B dumps 60 kilograms. This causes the fish to die. Biologists determine that 50 kilograms of pollutant sufficed to cause the fish to die. Which company is the cause of the fish dying?,,Pollutant (k=50),,,"Halpern 2015, Ex. 3.11",,,
pollutant80,Suppose that two companies both dump pollutant into the river. Company A dumps 100 kilograms of pollutant; company B dumps 60 kilograms. This causes the fish to die. Biologists determine that 80 kilograms of pollutant sufficed to cause the fish to die. Which company is the cause of the fish dying?,,Pollutant (k=80),,,"Halpern 2015, Ex. 3.11",,,
pollutant120,Suppose that two companies both dump pollutant into the river. Company A dumps 100 kilograms of pollutant; company B dumps 60 kilograms. This causes the fish to die. Biologists determine that 120 kilograms of pollutant sufficed to cause the fish to die. Which company is the cause of the fish dying?,,Pollutant (k=120),,,"Halpern 2015, Ex. 3.11",,,
